salary_id,salary
1,170000
2,110000
3,143000
4,106000
5,360200
6,239700
7,234000
8,146000
9,86000
10,80000
11,228300
12,105200
13,216000
14,135000
15,179000
16,112000
17,282000
18,176000
19,124805
20,83203
21,145000
22,98200
23,185000
24,111200
25,219200
26,103800
27,90000
28,60000
29,147600
30,88600
31,102000
32,68000
33,285000
34,155000
35,136200
36,81000
37,294000
38,137600
39,175000
40,150000
41,70000
42,50000
43,211000
44,142000
45,65000
46,188500
47,165100
48,169000
49,105000
50,218500
51,161500
52,146800
53,115600
54,224000
55,183580
56,111260
57,121000
58,103000
59,124000
60,86800
61,120000
62,154688
63,103125
64,263900
65,195100
66,87516
67,45360
68,107800
69,78400
70,161700
71,117600
72,161456
73,76075
74,224381
75,149587
76,130590
77,114210
78,209657
79,106250
80,97100
81,54000
82,121300
83,67400
84,136000
85,173900
86,82300
87,190000
88,265600
89,159400
90,235000
91,157000
92,199400
93,119600
94,158620
95,79310
96,188267
97,141200
98,173040
99,86520
100,194740
101,104860
102,219400
103,131600
104,112500
105,67500
106,223900
107,135700
108,165360
109,110240
110,200000
111,158000
112,142700
113,114200
114,223400
115,260000
116,150400
117,264000
118,240000
119,160000
120,241000
121,161000
122,130000
123,213390
124,143245
125,220000
126,140000
127,140049
128,84878
129,174600
130,81900
131,74755
132,48235
133,117811
134,76003
135,183100
136,98900
137,239000
138,211180
139,127890
140,93230
141,71214
142,128600
143,62800
144,128800
145,75200
146,419750
147,227700
148,151800
149,138911
150,160440
151,87120
152,142243
153,184920
154,123280
155,113000
156,74000
157,96600
158,202093
159,137000
160,60400
161,202000
162,310500
163,164000
164,112655
165,46988
166,213200
167,129200
168,95000
169,63400
170,72700
171,100000
172,215000
173,180000
174,89000
175,135400
176,77400
177,275000
178,151500
179,90400
180,226000
181,281000
182,204000
183,225000
184,134500
185,103600
186,242500
187,111740
188,75500
189,250000
190,245000
191,178100
192,79000
193,247296
194,139776
195,108200
196,81400
197,91900
198,76900
199,104000
200,165000
201,207965
202,138643
203,266000
204,177000
205,98000
206,83000
207,123625
208,77265
209,78000
210,115000
211,85000
212,208800
213,98300
214,337000
215,237000
216,141000
217,108000
218,112370
219,68640
220,221000
221,209000
222,152000
223,240400
224,137400
225,108500
226,78800
227,111500
228,248700
229,155700
230,165400
231,106700
232,132400
233,88300
234,172000
235,75600
236,269900
237,143200
238,252000
239,168000
240,212800
241,168480
242,91520
243,131958
244,79175
245,280000
246,720000
247,700000
248,113145
249,70715
250,95347
251,57200
252,725000
253,619000
254,72000
255,197500
256,111100
257,181896
258,206000
259,149200
260,203500
261,117700
262,73588
263,103100
264,64000
265,89600
266,62400
267,400000
268,138500
269,122500
270,189900
271,101800
272,119000
273,86500
274,103576
275,60927
276,114400
277,76800
278,151700
279,84300
280,123000
281,251500
282,125700
283,258750
284,132000
285,272000
286,222480
287,83430
288,128000
289,201250
290,304750
291,240500
292,139100
293,223600
294,129300
295,323400
296,224900
297,129780
298,92700
299,183500
300,115500
301,194688
302,118976
303,125000
304,340000
305,315000
306,153700
307,184250
308,167500
309,262000
310,178200
311,156000
312,93600
313,75000
314,58000
315,42000
316,130100
317,72400
318,204100
319,152200
320,192400
321,109000
322,284280
323,130295
324,166320
325,104080
326,234500
327,142140
328,186350
329,116550
330,334600
331,184000
332,202750
333,139800
334,105100
335,128950
336,103200
337,101527
338,78175
339,120452
340,51393
341,142133
342,60643
343,159264
344,113760
345,192417
346,137441
347,238000
348,195000
349,126900
350,129100
351,121253
352,55155
353,177341
354,273700
355,103700
356,265000
357,303400
358,216700
359,300000
360,270000
361,129000
362,97500
363,72200
364,79900
365,59200
366,372400
367,346000
368,320000
369,230000
370,154460
371,92684
372,284000
373,189000
374,135800
375,84500
376,227950
377,126100
378,61500
379,49500
380,198440
381,116100
382,178000
383,213000
384,250200
385,117200
386,206500
387,147500
388,210000
389,152800
390,110200
391,61200
392,133500
393,92900
394,74080
395,89300
396,204700
397,115700
398,114000
399,261000
400,174000
401,191600
402,103500
403,199000
404,153900
405,199700
406,174900
407,214200
408,187700
409,283800
410,194800
411,170700
412,203275
413,112450
414,78336
415,55955
416,180200
417,148949
418,234700
419,212900
420,121700
421,183015
422,104580
423,246000
424,72534
425,51810
426,62186
427,44419
428,84603
429,60431
430,105295
431,70197
432,118700
433,120900
434,115900
435,129723
436,86482
437,151900
438,101300
439,310300
440,206900
441,341500
442,170300
443,113500
444,150500
445,100300
446,105400
447,70200
448,165500
449,89400
450,115800
451,77200
452,122000
453,150600
454,95800
455,350000
456,240100
457,209700
458,123300
459,246500
460,151000
461,208000
462,144040
463,86260
464,160900
465,87200
466,138200
467,216400
468,187300
469,95300
470,157475
471,114500
472,93500
473,73400
474,90360
475,59250
476,56000
477,131230
478,95440
479,207190
480,135860
481,145290
482,96860
483,115824
484,77216
485,95723
486,63815
487,186840
488,124560
489,76000
490,276000
491,148000
492,125200
493,93400
494,133900
495,237050
496,193950
497,96000
498,47000
499,222200
500,97000
501,84000
502,201300
503,134200
504,52000
505,243500
506,213400
507,201400
508,158100
509,163300
510,159800
511,168700
512,137800
513,313600
514,256200
515,82500
516,174800
517,109300
518,87500
519,66000
520,168500
521,112300
522,36000
523,30000
524,134000
525,93260
526,82000
527,72467
528,51688
529,217800
530,135600
531,312200
532,175800
533,183600
534,121900
535,220600
536,163000
537,78060
538,111662
539,119574
540,129620
541,106807
542,157600
543,98500
544,176470
545,112950
546,276800
547,173300
548,194000
549,153000
550,171814
551,92920
552,167687
553,100612
554,119976
555,71986
556,110100
557,62900
558,57000
559,114900
560,154100
561,106200
562,151300
563,109400
564,73000
565,67300
566,74750
567,55250
568,257600
569,124100
570,65300
571,35776
572,141500
573,84900
574,162500
575,161800
576,87360
577,58240
578,286000
579,196650
580,145350
581,117000
582,105490
583,94940
584,86600
585,57700
586,337300
587,192700
588,147702
589,118162
590,147000
591,196350
592,142800
593,297000
594,168300
595,250800
596,167200
597,385000
598,321000
599,214000
600,440000
601,295000
602,48000
603,45000
604,290000
605,283500
606,162000
607,200200
608,193000
609,378700
610,219300
611,201500
612,183000
613,152400
614,73700
615,385250
616,105500
617,39600
618,302960
619,205940
620,220850
621,165060
622,170760
623,113840
624,212400
625,207800
626,165600
627,74100
628,198000
629,309100
630,303000
631,310000
632,205000
633,187500
634,169625
635,125375
636,168090
637,161625
638,203866
639,196025
640,83158
641,322000
642,233000
643,120600
644,166000
645,225500
646,231000
647,154000
648,94000
649,213600
650,261500
651,92000
652,144000
653,310270
654,239080
655,237600
656,110900
657,283780
658,233840
659,465000
660,264200
661,143100
662,196900
663,192036
664,196747
665,124488
666,83500
667,223000
668,151220
669,86390
670,205500
671,136300
672,314400
673,161600
674,114586
675,107571
676,340200
677,211800
678,222800
679,107100
680,52500
681,43000
682,137510
683,178360
684,268900
685,99200
686,55600
687,278400
688,185600
689,195655
690,156523
691,91100
692,66800
693,85878
694,75349
695,138391
696,74476
697,163116
698,97870
699,267000
700,167000
701,155250
702,92650
703,134100
704,90100
705,193300
706,122800
707,71000
708,288400
709,144200
710,143700
711,68400
712,75300
713,45600
714,146900
715,228600
716,120700
717,80750
718,118000
719,471500
720,162050
721,156600
722,84200
723,195900
724,153200
725,96700
726,67700
727,267500
728,119400
729,185700
730,82900
731,197900
732,146600
733,132600
734,80845
735,145200
736,118800
737,40000
738,259425
739,162041
740,143091
741,95394
742,166750
743,123250
744,172080
745,114720
746,164600
747,98800
748,132250
749,97750
750,148950
751,72473
752,136852
753,95797
754,196200
755,187000
756,127000
757,251600
758,120100
759,223500
760,109100
761,250600
762,166600
763,114236
764,66500
765,142300
766,94900
767,240240
768,213815
769,324000
770,159000
771,259000
772,197625
773,97024
774,174200
775,158400
776,131000
777,73165
778,58542
779,125395
780,83597
781,203350
782,124200
783,91800
784,94050
785,68850
786,119100
787,63600
788,97900
789,153400
790,82600
791,78300
792,37000
793,126500
794,206100
795,339250
796,306000
797,139360
798,99298
799,85442
800,237400
801,158200
802,95472
803,63648
804,117040
805,74500
806,217350
807,266200
808,205700
809,253000
810,225607
811,150405
812,203600
813,127500
814,115605
815,84700
816,260590
817,259200
818,203000
819,102082
820,43888
821,132500
822,119392
823,79594
824,159120
825,60300
826,170040
827,97600
828,212160
829,141440
830,84600
831,196320
832,130880
833,179442
834,119628
835,339500
836,210500
837,90200
838,273931
839,202472
840,122200
841,67600
842,278000
843,107600
844,64600
845,166500
846,99900
847,277000
848,173000
849,105972
850,68964
851,186000
852,172600
853,103300
854,129400
855,138000
856,156400
857,93800
858,260100
859,185800
860,255000
861,254000
862,201450
863,93919
864,53521
865,108120
866,82400
867,85008
868,50736
869,207000
870,155300
871,197000
872,266157
873,133238
874,124400
875,95520
876,331640
877,237500
878,117500
879,124500
880,79968
881,137259
882,193200
883,128300
884,293800
885,136038
886,110500
887,65900
888,278300
889,147900
890,113800
891,79700
892,137972
893,82783
894,122100
895,65800
896,139000
897,97800
898,71100
899,119800
900,102300
901,80200
902,179400
903,185150
904,114750
905,117300
906,86700
907,198950
908,119850
909,287500
910,143800
911,95900
912,101000
913,340100
914,168200
915,175100
916,111078
917,80784
918,269640
919,163420
920,135500
921,429100
922,201100
923,199680
924,122304
925,38000
926,155100
927,63000
928,123570
929,185123
930,123419
931,222900
932,99500
933,234300
934,96900
935,193400
936,153925
937,85150
938,171000
939,146100
940,96741
941,274200
942,99875
943,46000
944,205776
945,164621
946,192600
947,88400
948,99400
949,365000
950,127300
951,425000
952,188100
953,124800
954,195540
955,136878
956,238280
957,165760
958,134300
959,88000
960,175308
961,122716
962,235750
963,144500
964,55000
965,243000
966,192000
967,306800
968,151400
969,128544
970,74984
971,99000
972,170500
973,214500
974,296300
975,124620
976,389500
977,322875
978,193725
979,178300
980,114100
981,337250
982,184300
983,177600
984,101500
985,93000
986,73300
987,145800
988,83300
989,210100
990,173500
991,63300
992,228800
993,152600
994,190200
995,126800
996,186200
997,138900
998,230400
999,92500
1000,81500
1001,54300
1002,200750
1003,130305
1004,181300
1005,108800
1006,228900
1007,137300
1008,59600
1009,44000
1010,345000
1011,196000
1012,228000
1013,217300
1014,130400
1015,111240
1016,81200
1017,114192
1018,74128
1019,83400
1020,242830
1021,181510
1022,220842
1023,92036
1024,99890
1025,72647
1026,181901
1027,148945
1028,116040
1029,77360
1030,131805
1031,97421
1032,198600
1033,213210
1034,106605
1035,201900
1036,327200
1037,138400
1038,106370
1039,76230
1040,145860
1041,66330
1042,87000
1043,159600
1044,91650
1045,50700
1046,107000
1047,269075
1048,148850
1049,227900
1050,157100
1051,202800
1052,183552
1053,152960
1054,180400
1055,125800
1056,330000
1057,217500
1058,173100
1059,314800
1060,209800
1061,212000
1062,180265
1063,218000
1064,560000
1065,153500
1066,147700
1067,118200
1068,247300
1069,139900
1070,196720
1071,118860
1072,94620
1073,75700
1074,94600
1075,68800
1076,289400
1077,206700
1078,180600
1079,147430
1080,88275
1081,278900
1082,122256
1083,94300
1084,380424
1085,294780
1086,169700
1087,93300
1088,188750
1089,141340
1090,170502
1091,98467
1092,83366
1093,57949
1094,227000
1095,105800
1096,103360
1097,123696
1098,77760
1099,121400
1100,113600
1101,75800
1102,146050
1103,106950
1104,63750
1105,229000
1106,150260
1107,100980
1108,157740
1109,105995
1110,123400
1111,70500
1112,194810
1113,150535
1114,182600
1115,99882
1116,78874
1117,109900
1118,196100
1119,116700
1120,425500
1121,231250
1122,111000
1123,141300
1124,220035
1125,122242
1126,110400
1127,70800
1128,175400
1129,106300
1130,124700
1131,67000
1132,39900
1133,130680
1134,106960
1135,56200
1136,172931
1137,187268
1138,79901
1139,105120
1140,70080
1141,144082
1142,96059
1143,78900
1144,239127
1145,170805
1146,281201
1147,200858
1148,130920
1149,87280
1150,137500
1151,196500
1152,97300
1153,182750
1154,197300
1155,247600
1156,143300
1157,125500
1158,132950
1159,245400
1160,175250
1161,127600
1162,285600
1163,238625
1164,158945
1165,100600
1166,370000
1167,287000
1168,232500
1169,186250
1170,195500
1171,73242
1172,54863
1173,199750
1174,151600
1175,252800
1176,98100
1177,65500
1178,106400
1179,281700
1180,410000
1181,101250
1182,105600
1183,260830
1184,162950
1185,286830
1186,179310
1187,207530
1188,125760
1189,144660
1190,90480
1191,221950
1192,210450
1193,104550
1194,186160
1195,244000
1196,96400
1197,195903
1198,160284
1199,162150
1200,89700
1201,117900
1202,57500
1203,172400
1204,82100
1205,85800
1206,206300
1207,113400
1208,176520
1209,105070
1210,59000
1211,135200
1212,198072
1213,141480
1214,157959
1215,90263
1216,265080
1217,176720
1218,213480
1219,142320
1220,126000
1221,91700
1222,110670
1223,130425
1224,72150
1225,91200
1226,212200
1227,245500
1228,289500
1229,263000
1230,53000
1231,39500
1232,177300
1233,247400
1234,153300
1235,324500
1236,236000
1237,181200
1238,120800
1239,258100
1240,191250
1241,291400
1242,55200
1243,248000
1244,148100
1245,71500
1246,174100
1247,136700
1248,205563
1249,149500
1250,225300
1251,134600
1252,95200
1253,217000
1254,304000
1255,156100
1256,84100
1257,165200
1258,73230
1259,293000
1260,78897
1261,112455
1262,77257
1263,260570
1264,167030
1265,162800
1266,97680
1267,76560
1268,161788
1269,108730
1270,160800
1271,263500
1272,147560
1273,174500
1274,128500
1275,171450
1276,137100
1277,166900
1278,202500
1279,221900
1280,212300
1281,154400
1282,211500
1283,149966
1284,52760
1285,290004
1286,49997
1287,140700
1288,198450
1289,136850
1290,110136
1291,76068
1292,131300
1293,69300
1294,338500
1295,321800
1296,157500
1297,119500
1298,199500
1299,87600
1300,145400
1301,143376
1302,77500
1303,54500
1304,130900
1305,83100
1306,206800
1307,163800
1308,241600
1309,109800
1310,182700
1311,193995
1312,276400
1313,145600
1314,265200
1315,176800
1316,245120
1317,145900
1318,193500
1319,132540
1320,82910
1321,94960
1322,91500
1323,178250
1324,118450
1325,141600
1326,148355
1327,92847
1328,199800
1329,188640
1330,98450
1331,67125
1332,16000
1333,165490
1334,129800
1335,218860
1336,168350
1337,190310
1338,149260
1339,277500
1340,158500
1341,335000
1342,143900
1343,112860
1344,191000
1345,333913
1346,222609
1347,232200
1348,326800
1349,269200
1350,75554
1351,68145
1352,235464
1353,125257
1354,159869
1355,95722
1356,133700
1357,276760
1358,187200
1359,359400
1360,239600
1361,223100
1362,126400
1363,51000
1364,101844
1365,78600
1366,329600
1367,190700
1368,232223
1369,130134
1370,101520
1371,45864
1372,85900
1373,57300
1374,99336
1375,60070
1376,43014
1377,355000
1378,226158
1379,144400
1380,106434
1381,58313
1382,96800
1383,209369
1384,93329
1385,231100
1386,156550
1387,77000
1388,242000
1389,269525
1390,161715
1391,100050
1392,73950
1393,216200
1394,102900
1395,287470
1396,132918
1397,159100
1398,142500
1399,210951
1400,131841
1401,145110
1402,98155
1403,76690
1404,149820
1405,89180
1406,239900
1407,112800
1408,171100
1409,194805
1410,129935
1411,189750
1412,254900
1413,122900
1414,88800
1415,205600
1416,118900
1417,169500
1418,79300
1419,212500
1420,265100
1421,122400
1422,203591
1423,150809
1424,169600
1425,188000
1426,171600
1427,104800
1428,153137
1429,82918
1430,96250
1431,172200
1432,131200
1433,174300
1434,80500
1435,279000
1436,247000
1437,182000
1438,149000
1439,308000
1440,28000
1441,26000
1442,251000
1443,291800
1444,139400
1445,106575
1446,87840
1447,58560
1448,121586
1449,76115
1450,220300
1451,210600
1452,108900
1453,81700
1454,305000
1455,98940
1456,166220
1457,101180
1458,116000
1459,138600
1460,92400
1461,109200
1462,72800
1463,172100
1464,89100
1465,159250
1466,85750
1467,257400
1468,156750
1469,121125
1470,111300
1471,85134
1472,56763
1473,174050
1474,139250
1475,305414
1476,174557
1477,111894
1478,65820
1479,243222
1480,162082
1481,64890
1482,76128
1483,147400
1484,107200
1485,132362
1486,108296
1487,146400
1488,177900
1489,207980
1490,123810
1491,179604
1492,132750
1493,106840
1494,125400
1495,340300
1496,165555
1497,110435
1498,175645
1499,123318
1500,255200
1501,134700
1502,288700
1503,192500
1504,128400
1505,80300
1506,226400
1507,181120
1508,88200
1509,173400
1510,108400
1511,332000
1512,196800
1513,102400
1514,76160
1515,450000
1516,290950
1517,202300
1518,258000
1519,154800
1520,146830
1521,209900
1522,167946
1523,116336
1524,84608
1525,122111
1526,97689
1527,56281
1528,71727
1529,259341
1530,126851
1531,175900
1532,61600
1533,160500
1534,94400
1535,190900
1536,95500
1537,122250
1538,301200
1539,74670
1540,59755
1541,118267
1542,108557
1543,185952
1544,123958
1545,289700
1546,117120
1547,95825
1548,317690
1549,189100
1550,80600
1551,32000
1552,133870
1553,109530
1554,332950
1555,200700
1556,238300
1557,158900
1558,231400
1559,172500
1560,75065
1561,42662
1562,95700
1563,106345
1564,57582
1565,127614
1566,69099
1567,360000
1568,183764
1569,99502
1570,190814
1571,101370
1572,216750
1573,69400
1574,199320
1575,154020
1576,195200
1577,129600
1578,182400
1579,104200
1580,64900
1581,41540
1582,323000
1583,150280
1584,74880
1585,144900
1586,82700
1587,136500
1588,206350
1589,243400
1590,212750
1591,69000
1592,54496
1593,260400
1594,156200
1595,161406
1596,115290
1597,164500
1598,116500
1599,273000
1600,309000
1601,365100
1602,260800
1603,178500
1604,128900
1605,226700
1606,50400
1607,206250
1608,55400
1609,204200
1610,115400
1611,109500
1612,64985
1613,52216
1614,272400
1615,155600
1616,88215
1617,56051
1618,225750
1619,202900
1620,126300
1621,222586
1622,218625
1623,131175
1624,163700
1625,298300
1626,186700
1627,133600
1628,183700
1629,107250
1630,220900
1631,131900
1632,129740
1633,69860
1634,157450
1635,87100
1636,134561
1637,79154
1638,213554
1639,114991
1640,118765
1641,69862
1642,132502
1643,88334
1644,143706
1645,84533
1646,183300
1647,101400
1648,144300
1649,236500
1650,140145
1651,103586
1652,312500
1653,173600
1654,172300
1655,171040
1656,113300
1657,125680
1658,77100
1659,112350
1660,85600
1661,193800
1662,116300
1663,159865
1664,79933
1665,228930
1666,152620
1667,500000
1668,152375
1669,231600
1670,91000
1671,119900
1672,101915
1673,179494
1674,187990
1675,90600
1676,53100
1677,83600
1678,77250
1679,61800
1680,85500
1681,86667
1682,69690
1683,203940
1684,101970
1685,73125
1686,273500
1687,126600
1688,177200
1689,155880
1690,103920
1691,87552
1692,57060
1693,121500
1694,148719
1695,123933
1696,268400
1697,189110
1698,42905
1699,257500
1700,220800
1701,267100
1702,190800
1703,161200
1704,110128
1705,297500
1706,178440
1707,178240
1708,285200
1709,133000
1710,70600
1711,174867
1712,148637
1713,182500
1714,161900
1715,229925
1716,127900
1717,163125
1718,97875
1719,297900
1720,156024
1721,104016
1722,176784
1723,117864
1724,140275
1725,112717
1726,75145
1727,266600
1728,248980
1729,150960
1730,160600
1731,122600
1732,299375
1733,143625
1734,174518
1735,138034
1736,74326
1737,248900
1738,74900
1739,102500
1740,166860
1741,148320
1742,74160
1743,151694
1744,168110
1745,191699
1746,143750
1747,106371
1748,176160
1749,117440
1750,99380
1751,71220
1752,144600
1753,167400
1754,219000
1755,317880
1756,211920
1757,368640
1758,245760
1759,233040
1760,155360
1761,178464
1762,112924
1763,342844
1764,166694
1765,187662
1766,129239
1767,160200
1768,140109
1769,62000
1770,166250
1771,99750
1772,102200
1773,201000
1774,270400
1775,161925
1776,177500
1777,205200
1778,162100
1779,191100
1780,136100
1781,209404
1782,139603
1783,79100
1784,235400
1785,209720
1786,163695
1787,405000
1788,430000
1789,176762
1790,107957
1791,173700
1792,121600
1793,137900
1794,272900
1795,120500
1796,68600
1797,250700
1798,125300
1799,79760
1800,145300
1801,119700
1802,62500
1803,123750
1804,51100
1805,217400
1806,86840
1807,166400
1808,110760
1809,77280
1810,192900
1811,77900
1812,170800
1813,92300
1814,155376
1815,95264
1816,81075
1817,44850
1818,87558
1819,47586
1820,194500
1821,88500
1822,222500
1823,155750
1824,134800
1825,80700
1826,204300
1827,129340
1828,87400
1829,142741
1830,87841
1831,267720
1832,164900
1833,140300
1834,116800
1835,148835
1836,124880
1837,92880
1838,154300
1839,222000
1840,160400
1841,189600
1842,118500
1843,299000
1844,241700
1845,186102
1846,288820
1847,171910
1848,238650
1849,148200
1850,66900
1851,62100
1852,292080
1853,171860
1854,445300
1855,129160
1856,80770
1857,148550
1858,92860
1859,75100
1860,259600
1861,107300
1862,181500
1863,158600
1864,115300
1865,83200
1866,149300
1867,80400
1868,89500
1869,130948
1870,108822
1871,251250
1872,120750
1873,130001
1874,263600
1875,145538
1876,249000
1877,119213
1878,158880
1879,105920
1880,249800
1881,72100
1882,303050
1883,202350
1884,142600
1885,141250
1886,196600
1887,265800
1888,62393
1889,73013
1890,135148
1891,94604
1892,236925
1893,153075
1894,248640
1895,214280
1896,245575
1897,171903
1898,96300
1899,141150
1900,112900
1901,202891
1902,25000
1903,196075
1904,151424
1905,86528
1906,330146
1907,160520
1908,178090
1909,81978
1910,359170
1911,295490
1912,214800
1913,171800
1914,56331
1915,142826
1916,79348
1917,173004
1918,96113
1919,60900
1920,250900
1921,230500
1922,367000
1923,184200
1924,129570
1925,74200
1926,215050
1927,269800
1928,149900
1929,55800
1930,257000
1931,232000
1932,328000
1933,131700
1934,158920
1935,53945
1936,170038
1937,66379
1938,181100
1939,132300
1940,69500
1941,146875
1942,81250
1943,103400
1944,172800
1945,296400
1946,204400
1947,208202
1948,147100
1949,231500
1950,325500
1951,106100
1952,74300
1953,214900
1954,203900
1955,54600
1956,161300
1957,120300
1958,97097
1959,100367
1960,192840
1961,115704
1962,109262
1963,75941
1964,179428
1965,107657
1966,116706
1967,70024
1968,235264
1969,141158
1970,79269
1971,201066
1972,148614
1973,249950
1974,176600
1975,103635
1976,75371
1977,249600
1978,136400
1979,85700
1980,34000
1981,137436
1982,114700
1983,102960
1984,102600
1985,61000
1986,174342
1987,116228
1988,117400
1989,213580
1990,192222
1991,96782
1992,80642
1993,342650
1994,233600
1995,220400
1996,209748
1997,159832
1998,210800
1999,469000
2000,600000
2001,184900
2002,238518
2003,126713
2004,279010
2005,223856
2006,155904
2007,171400
2008,190400
2009,120578
2010,104160
2011,262300
2012,246400
2013,167700
2014,139300
2015,399000
2016,182670
2017,119780
2018,82800
2019,193600
2020,60303
2021,87800
2022,130500
2023,130700
2024,266875
2025,128250
2026,162240
2027,47840
2028,93575
2029,204600
2030,337500
2031,175950
2032,357900
2033,189400
2034,321600
2035,216040
2036,99300
2037,100650
2038,73200
2039,112200
2040,163680
2041,109120
2042,145440
2043,96960
2044,158010
2045,93432
2046,87350
2047,69900
2048,163200
2049,207600
2050,169800
2051,234550
2052,163950
2053,52300
2054,210700
2055,252900
2056,133100
2057,140200
2058,104600
2059,213900
2060,197400
2061,203065
2062,135376
2063,52030
2064,41990
2065,180583
2066,235200
2067,203100
2068,93700
2069,132100
2070,134400
2071,179300
2072,89200
2073,45700
2074,192300
2075,120200
2076,268500
2077,124300
2078,192050
2079,355400
2080,136900
2081,100802
2082,70561
2083,75400
2084,53500
2085,437500
2086,351500
2087,218800
2088,224087
2089,170200
2090,370300
2091,458000
2092,176500
2093,188856
2094,89250
2095,160160
2096,131040
2097,142100
2098,85200
2099,110975
2100,82025
2101,97525
2102,53950
2103,192390
2104,116640
2105,94700
2106,158300
2107,325200
2108,170900
2109,62620
2110,208300
2111,44900
2112,313000
2113,181000
2114,111720
2115,72500
2116,194480
2117,173264
2118,142250
2119,182608
2120,100100
2121,77350
2122,78700
2123,282600
2124,127200
2125,62954
2126,107900
2127,100493
2128,54616
2129,184320
2130,122880
2131,116050
2132,84400
2133,245700
2134,166200
2135,92100
2136,115920
2137,116334
2138,175600
2139,114080
2140,98592
2141,245200
2142,132480
2143,95100
2144,137275
2145,368000
2146,58100
2147,156250
2148,119200
2149,154330
2150,176490
2151,107430
2152,163492
2153,102183
2154,46800
2155,176571
2156,150900
2157,157697
2158,93890
2159,165580
2160,58500
2161,322300
2162,201700
2163,197100
2164,202600
2165,246300
2166,61046
2167,107968
2168,63511
2169,148440
2170,98960
2171,208080
2172,138720
2173,131500
2174,131250
2175,74700
2176,47700
2177,180650
2178,160580
2179,99740
2180,93750
2181,96200
2182,57400
2183,177750
2184,200740
2185,207900
2186,181050
2187,238780
2188,190120
2189,61933
2190,69800
2191,171835
2192,114557
2193,105750
2194,65428
2195,60730
2196,329333
2197,142166
2198,88854
2199,133260
2200,81120
2201,116760
2202,100080
2203,176760
2204,117840
2205,119317
2206,89488
2207,210554
2208,108182
2209,151100
2210,138100
2211,148750
2212,260850
2213,179615
2214,132759
2215,156500
2216,234200
2217,245100
2218,100900
2219,185350
2220,368230
2221,318090
2222,223300
2223,178700
2224,69127
2225,59850
2226,88750
2227,224765
2228,134597
2229,100500
2230,130800
2231,244400
2232,67824
2233,42516
2234,79200
2235,101484
2236,60890
2237,177650
2238,106260
2239,135392
2240,79643
2241,77800
2242,188885
2243,142896
2244,183456
2245,123760
2246,85280
2247,211900
2248,113700
2249,169813
2250,123500
2251,196070
2252,118840
2253,273260
2254,147140
2255,99996
2256,69996
2257,90300
2258,307000
2259,94500
2260,253430
2261,154825
2262,60675
2263,184100
2264,254024
2265,123470
2266,83028
2267,141700
2268,154960
2269,86320
2270,213800
2271,127700
2272,108150
2273,91928
2274,72600
2275,36300
2276,188400
2277,125600
2278,223080
2279,148720
2280,152500
2281,98358
2282,63591
2283,167812
2284,95348
2285,550000
2286,244700
2287,136800
2288,220060
2289,121260
2290,380900
2291,253900
2292,256000
2293,293400
2294,195600
2295,83900
2296,157250
2297,288000
2298,209500
2299,202730
2300,92118
2301,162300
2302,135120
2303,90080
2304,169100
2305,105900
2306,200500
2307,229300
2308,164314
2309,68405
2310,76600
2311,123840
2312,82560
2313,279500
2314,155400
2315,199300
2316,301400
2317,200400
2318,346100
2319,530000
2320,74650
2321,54701
2322,206650
2323,158950
2324,109600
2325,175300
2326,111400
2327,50440
2328,241900
2329,148300
2330,219500
2331,154500
2332,144840
2333,96560
2334,96750
2335,206690
2336,161450
2337,43919
2338,51600
2339,136510
2340,52800
2341,178750
2342,133458
2343,97060
2344,244145
2345,177560
2346,107950
2347,41500
2348,353500
2349,173800
2350,104494
2351,148500
2352,97538
2353,304496
2354,148049
2355,333300
2356,272700
2357,207993
2358,137871
2359,72682
2360,54525
2361,160470
2362,102690
2363,164700
2364,120400
2365,270700
2366,216900
2367,115100
2368,125553
2369,180100
2370,79500
2371,292000
2372,239200
2373,149183
2374,108497
2375,95105
2376,220700
2377,266482
2378,166551
2379,126651
2380,81411
2381,155934
2382,115256
2383,228790
2384,136190
2385,205850
2386,152150
2387,76400
2388,284300
2389,253950
2390,396900
2391,204900
2392,271000
2393,243900
2394,174175
2395,145620
2396,223700
2397,149100
2398,81081
2399,74971
2400,91050
2401,63900
2402,75289
2403,175307
2404,127496
2405,350400
2406,188700
2407,290180
2408,277837
2409,152300
2410,91400
2411,215800
2412,205400
2413,110600
2414,86850
2415,98750
2416,71800
2417,153216
2418,79800
2419,372900
2420,224100
2421,112320
2422,197011
2423,115889
2424,333000
2425,89230
2426,52488
2427,300500
2428,155900
2429,179982
2430,290200
2431,165800
2432,102800
2433,306500
2434,95680
2435,185200
2436,103785
2437,122655
2438,72864
2439,46368
2440,186500
2441,199407
2442,133007
2443,274000
2444,58905
2445,342000
2446,263335
2447,291000
2448,105700
2449,184600
2450,122300
2451,227600
2452,151200
2453,72862
2454,43638
2455,219230
2456,149240
2457,32760
2458,176264
2459,128192
2460,236800
2461,110800
2462,65200
2463,148600
2464,65680
2465,51824
2466,308200
2467,150200
2468,309927
2469,171968
2470,284400
2471,150700
2472,115850
2473,58300
2474,168397
2475,319050
2476,312350
2477,215200
2478,149800
2479,166800
2480,93200
2481,211300
2482,213500
2483,129792
2484,75712
2485,451000
2486,296000
2487,241393
2488,160943
2489,163128
2490,84240
2491,176358
2492,317000
2493,239010
2494,179340
2495,119650
2496,163100
2497,48250
2498,246800
2499,59100
2500,144050
2501,150549
2502,273250
2503,231300
2504,138800
2505,170400
2506,123800
2507,243136
2508,181800
2509,118050
2510,219800
2511,189553
2512,161120
2513,229702
2514,262650
2515,261160
2516,215600
2517,221500
2518,161100
2519,206661
2520,175662
2521,169233
2522,314000
2523,305700
2524,190300
2525,98040
2526,68436
2527,97400
2528,194850
2529,111862
2530,66380
2531,112302
2532,83187
2533,199534
2534,150987
2535,230750
2536,414000
2537,137750
2538,101257
2539,67504
2540,63150
2541,45900
2542,43900
2543,179700
2544,262172
2545,187266
2546,269000
2547,203550
2548,150450
2549,189615
2550,150385
2551,158076
2552,92986
2553,87900
2554,71025
2555,253194
2556,187145
2557,70900
2558,49000
2559,235700
2560,78998
2561,56260
2562,63700
2563,40800
2564,130350
2565,301248
2566,200832
2567,69100
2568,230230
2569,177905
2570,142509
2571,76736
2572,328821
2573,197292
2574,287100
2575,211536
2576,278800
2577,227400
2578,268200
2579,256900
2580,57800
2581,154600
2582,145700
2583,76700
2584,82200
2585,249840
2586,166560
2587,137314
2588,87728
2589,168084
2590,120060
2591,146500
2592,94722
2593,100800
2594,129113
2595,109746
2596,152588
2597,129699
2598,79400
2599,62300
2600,69305
2601,281834
2602,208766
2603,454300
2604,302900
2605,416500
2606,277700
2607,302400
2608,201600
2609,609200
2610,263800
2611,255400
2612,183037
2613,176355
2614,169085
2615,112723
2616,341734
2617,177688
2618,116250
2619,70690
2620,42435
2621,117800
2622,70400
2623,55631
2624,198700
2625,123700
2626,393300
2627,99600
2628,140179
2629,120786
2630,78200
2631,74240
2632,74286
2633,248404
2634,134320
2635,391000
2636,21099
2637,129500
2638,86300
2639,236872
2640,148045
2641,241005
2642,141673
2643,262100
2644,131675
2645,194180
2646,115590
2647,174250
2648,142400
2649,185625
2650,216923
2651,137260
2652,398983
2653,228188
2654,153951
2655,107765
2656,254400
2657,190315
2658,96838
2659,72328
2660,265300
2661,133800
2662,74800
2663,82678
2664,68898
2665,159900
2666,188875
2667,113325
2668,67060
2669,123600
2670,176300
2671,71094
2672,119830
2673,116600
2674,195800
2675,97497
2676,237100
2677,118094
2678,199145
2679,67900
2680,74375
2681,125640
2682,162900
2683,117725
2684,87630
2685,61360
2686,369000
2687,338000
2688,63500
2689,121800
2690,160700
2691,144800
2692,75900
2693,48500
2694,383910
2695,315850
2696,316900
2697,113900
2698,293300
2699,126880
2700,76960
2701,243600
2702,162400
2703,145125
2704,215550
2705,142503
2706,258773
2707,159300
2708,285900
2709,69520
2710,63200
2711,113630
2712,72300
2713,296477
2714,177886
2715,161175
2716,64200
2717,115440
2718,50200
2719,145537
2720,119076
2721,164800
2722,98090
2723,203010
2724,120840
2725,163900
2726,148800
2727,170112
2728,268000
2729,188600
2730,190500
2731,367175
2732,222775
2733,319000
2734,196560
2735,89772
2736,66084
2737,178610
2738,148990
2739,165120
2740,379500
2741,232300
2742,85648
2743,64236
2744,119300
2745,170600
2746,133750
2747,86100
2748,89186
2749,115128
2750,62028
2751,185135
2752,63001
2753,65449
2754,178536
2755,294800
2756,176900
2757,114634
2758,279400
2759,249385
2760,154818
2761,96761
2762,81563
2763,69329
2764,52016
2765,134150
2766,83840
2767,101900
2768,102643
2769,65007
2770,99800
2771,168100
2772,107500
2773,61700
2774,176770
2775,144630
2776,127650
2777,82450
2778,111600
2779,169578
2780,113052
2781,141400
2782,251576
2783,118414
2784,190486
2785,184142
2786,110261
2787,358200
2788,104900
2789,73600
2790,68123
2791,126017
2792,56566
2793,103685
2794,251931
2795,227938
2796,118575
2797,156700
2798,74600
2799,187158
2800,116974
2801,246600
2802,323300
2803,247200
2804,124373
2805,194300
2806,85250
2807,192703
2808,82220
2809,131750
2810,234240
2811,156160
2812,163600
2813,68270
2814,55341
2815,246888
2816,154305
2817,116400
2818,411650
2819,200117
2820,183800
2821,134770
2822,66578
2823,94200
2824,136600
2825,98080
2826,142020
2827,236220
2828,157488
2829,61267
2830,175392
2831,122774
2832,153600
2833,242900
2834,81453
2835,126170
2836,97495
2837,111425
2838,66851
2839,247800
2840,310919
2841,207279
2842,167981
2843,137439
2844,107760
2845,64160
2846,175200
2847,217311
2848,144501
2849,121100
2850,98153
2851,57737
2852,146423
2853,120973
2854,192100
2855,22300
2856,219100
2857,228700
2858,99208
2859,90510
2860,55530
2861,307900
2862,179200
2863,290500
2864,203800
2865,170100
2866,158688
2867,74652
2868,152152
2869,92144
2870,264220
2871,143500
2872,375000
2873,185630
2874,203280
2875,173953
2876,247100
2877,175500
2878,244900
2879,72750
2880,167800
2881,343900
2882,186800
2883,312686
2884,195804
2885,118100
2886,147877
2887,92423
2888,146307
2889,247250
2890,187800
2891,69700
2892,184800
2893,123200
2894,145850
2895,156800
2896,207750
2897,202550
2898,174915
2899,114800
2900,226900
2901,129700
2902,109700
2903,57798
2904,164200
2905,101083
2906,92560
2907,69200
2908,156390
2909,69930
2910,65625
2911,202400
2912,230589
2913,100917
2914,187415
2915,157650
2916,131290
2917,73900
2918,55405
2919,32591
2920,221100
2921,386100
2922,218900
2923,157590
2924,239800
2925,191240
2926,84132
2927,56088
2928,67590
2929,180240
2930,225600
2931,282900
2932,177100
2933,157850
2934,341700
2935,77988
2936,145500
2937,232320
2938,302940
2939,92600
2940,117875
2941,131325
2942,106500
2943,149026
2944,102477
2945,201884
2946,267600
2947,178400
2948,79595
2949,51352
2950,312866
2951,167537
2952,179825
2953,107925
2954,114996
2955,91997
2956,106848
2957,76320
2958,132804
2959,94860
2960,115200
2961,53600
2962,168276
2963,112184
2964,43920
2965,89305
2966,76200
2967,207992
2968,118612
2969,65811
2970,224880
2971,217100
2972,116900
2973,150327
2974,89139
2975,209300
2976,126700
2977,356500
2978,60800
2979,374350
2980,222830
2981,346800
2982,113364
2983,73752
2984,165300
2985,240640
2986,197760
2987,208900
2988,200800
2989,357600
2990,208600
2991,159750
2992,266400
2993,134275
2994,197700
2995,163944
2996,136620
2997,254856
2998,213840
2999,116940
3000,80256
3001,144320
3002,104960
3003,87768
3004,66240
3005,56264
3006,202233
3007,180024
3008,80808
3009,107590
3010,82764
3011,93900
3012,65100
3013,101365
3014,90459
3015,131400
3016,178880
3017,162540
3018,108360
3019,366000
3020,203620
3021,127260
3022,198800
3023,162528
3024,83640
3025,97344
3026,253800
3027,180700
3028,231110
3029,164492
3030,69240
3031,130591
3032,102424
3033,280200
3034,157700
3035,87300
3036,68900
3037,210470
3038,113330
3039,246200
3040,86664
3041,206333
3042,137658
3043,162468
3044,87483
3045,195700
3046,97700
3047,59500
3048,170227
3049,140625
3050,187675
3051,269825
3052,179500
3053,291900
3054,108750
3055,259700
3056,165900
3057,283000
3058,211200
3059,229900
3060,209660
3061,168888
3062,101080
3063,128355
3064,82222
3065,132700
3066,258524
3067,214032
3068,233998
3069,130723
3070,135111
3071,86555
3072,177777
3073,186754
3074,181775
3075,148725
3076,144138
3077,104828
3078,123970
3079,82940
3080,203801
3081,123139
3082,98280
3083,46400
3084,250105
3085,134198
3086,166842
3087,100675
3088,82370
3089,135649
3090,110985
3091,148017
3092,87069
3093,43140
3094,39940
3095,218185
3096,158680
3097,132673
3098,289000
3099,245300
3100,131596
3101,190600
3102,140600
3103,95425
3104,63617
3105,155605
3106,122700
3107,245784
3108,196267
3109,66300
3110,37500
3111,198100
3112,135450
3113,89548
3114,247500
3115,162563
3116,232222
3117,130133
3118,220611
3119,123626
3120,173200
3121,264800
3122,127100
3123,65593
3124,130206
3125,74181
3126,156864
3127,97920
3128,90719
3129,112257
3130,67350
3131,185500
3132,203466
3133,408623
3134,260571
3135,182549
3136,259500
3137,145215
3138,242974
3139,101239
3140,201650
3141,112400
3142,238700
3143,214300
3144,145100
3145,338600
3146,78520
3147,54964
3148,267700
3149,221550
3150,143850
3151,294600
3152,114911
3153,94018
3154,208200
3155,188300
3156,133920
3157,89280
3158,70300
3159,155500
3160,140400
3161,87380
3162,77600
3163,261200
3164,226500
3165,223063
3166,191983
3167,100714
3168,62946
3169,139700
3170,110300
3171,78100
3172,149880
3173,64974
3174,88848
3175,147471
3176,90834
3177,161400
3178,114300
3179,86900
3180,82227
3181,59833
3182,126200
3183,123836
3184,90062
3185,53800
3186,80800
3187,46200
3188,98400
3189,113394
3190,82468
3191,118400
3192,64952
3193,56833
3194,153374
3195,122699
3196,131185
3197,78707
3198,288900
3199,412500
3200,76500
3201,106358
3202,219600
3203,220500
3204,112700
3205,124550
3206,149076
3207,84836
3208,223560
3209,149020
3210,425800
3211,193880
3212,207300
3213,126587
3214,186941
3215,149552
3216,159500
3217,104763
3218,208505
3219,170120
3220,176400
3221,158550
3222,363800
3223,271300
3224,195140
3225,159660
3226,78500
3227,96040
3228,70950
3229,143896
3230,114104
3231,108700
3232,147784
3233,408500
3234,233500
3235,248600
3236,130600
3237,293500
3238,97200
3239,81300
3240,146250
3241,178600
3242,76300
3243,177400
3244,180960
3245,180300
3246,234900
3247,313500
3248,87700
3249,86940
3250,211600
3251,176446
3252,90500
3253,362000
3254,84522
3255,165511
3256,148960
3257,510720
3258,185475
3259,128402
3260,69139
3261,299792
3262,187370
3263,81118
3264,47717
3265,181728
3266,113580
3267,268750
3268,234400
3269,214087
3270,128452
3271,273451
3272,164071
3273,232284
3274,139371
3275,72708
3276,58343
3277,90146
3278,103275
3279,77040
3280,127330
3281,252400
3282,90700
3283,176369
3284,115023
3285,143712
3286,60100
3287,76650
3288,52806
3289,361500
3290,279772
3291,186552
3292,81100
3293,217200
3294,157900
3295,91764
3296,59976
3297,92800
3298,191800
3299,107757
3300,97722
3301,159282
3302,149282
3303,336000
3304,168150
3305,38430
3306,107525
3307,157800
3308,99700
3309,99237
3310,67728
3311,112100
3312,172700
3313,244860
3314,269400
3315,157054
3316,122726
3317,90710
3318,185400
3319,334750
3320,180625
3321,177190
3322,103680
3323,132235
3324,81375
3325,204231
3326,194361
3327,217600
3328,187495
3329,81950
3330,209990
3331,65894
3332,54911
3333,81806
3334,58219
3335,223652
3336,155584
3337,118680
3338,92592
3339,255500
3340,149463
3341,89800
3342,112600
3343,236250
3344,334800
3345,124900
3346,209600
3347,142200
3348,180765
3349,153650
3350,318000
3351,315900
3352,178320
3353,118880
3354,156640
3355,490000
3356,181475
3357,200034
3358,133859
3359,240922
3360,146232
3361,263304
3362,219420
3363,150300
3364,147463
3365,110718
3366,311000
3367,192289
3368,455200
3369,284900
3370,83850
3371,55900
3372,82471
3373,74949
3374,214400
3375,46500
3376,84800
3377,187600
3378,138700
3379,203816
3380,156965
3381,205100
3382,187982
3383,113928
3384,86950
3385,48100
3386,327750
3387,131581
3388,123900
3389,287200
3390,191400
3391,69620
3392,46340
3393,106907
3394,165700
3395,100400
3396,207700
3397,109480
3398,204930
3399,135482
3400,198739
3401,108935
3402,49400
3403,155800
3404,112140
3405,69858
3406,212310
3407,161760
3408,233958
3409,151761
3410,375516
3411,190950
3412,81680
3413,275400
3414,147800
3415,88700
3416,228439
3417,194760
3418,129840
3419,275300
3420,238900
3421,168570
3422,167435
3423,76107
3424,321360
3425,214240
3426,170640
3427,73008
3428,234520
3429,170560
3430,101600
3431,312230
3432,189250
3433,56400
3434,238600
3435,202200
3436,107120
3437,147200
3438,160445
3439,139154
3440,89760
3441,282720
3442,264480
3443,248520
3444,118011
3445,84720
3446,66725
3447,60600
3448,139050
3449,116377
3450,100700
3451,41017
3452,190726
3453,91548
3454,142740
3455,94740
3456,113200
3457,81760
3458,73580
3459,137770
3460,224400
3461,154900
3462,130642
3463,76848
3464,80226
3465,129315
3466,86210
3467,184662
3468,170186
3469,148699
3470,107700
3471,163500
3472,204500
3473,160220
3474,105060
3475,109045
3476,76332
3477,238500
3478,159870
3479,135510
3480,119155
3481,52200
3482,184580
3483,222400
3484,140899
3485,144700
3486,199600
3487,89900
3488,151770
3489,91062
3490,131584
3491,101566
3492,149600
3493,152204
3494,91322
3495,160300
3496,151260
3497,33660
3498,223800
3499,205800
3500,158842
3501,158642
3502,126802
3503,93723
3504,281500
3505,248400
3506,154700
3507,170498
3508,82867
3509,52707
3510,84630
3511,63525
3512,187040
3513,169624
3514,398600
3515,256100
3516,199100
3517,77728
3518,57452
3519,123164
3520,91034
3521,129912
3522,85788
3523,169200
3524,416000
3525,113360
3526,207120
3527,138080
3528,312800
3529,180900
3530,176060
3531,72780
3532,106676
3533,82852
3534,135150
3535,86400
3536,72650
3537,131100
3538,104880
3539,86691
3540,65956
3541,121427
3542,88761
3543,179782
3544,92242
3545,218540
3546,171250
3547,102750
3548,175420
3549,209863
3550,188698
3551,169442
3552,185854
3553,136175
3554,85247
3555,262822
3556,211484
3557,92999
3558,162955
3559,99190
3560,222300
3561,187352
3562,132710
3563,98240
3564,43700
3565,141523
3566,254965
3567,169977
3568,58750
3569,45500
3570,110409
3571,73613
3572,292700
3573,175700
3574,169520
3575,94640
3576,242400
3577,116646
3578,186846
3579,191200
3580,163202
3581,104650
3582,121200
3583,187094
3584,296500
3585,213150
3586,140230
3587,90490
3588,78877
3589,266450
3590,177700
3591,305900
3592,50470
3593,24000
3594,140663
3595,84398
3596,139650
3597,104500
3598,216600
3599,142875
3600,91440
3601,374000
3602,198065
3603,101700
3604,51700
3605,194600
3606,116200
3607,155295
3608,179100
3609,310700
3610,239300
3611,143600
3612,79120
3613,158800
3614,112061
3615,91686
3616,163977
3617,76119
3618,257336
3619,144345
3620,47500
3621,181145
3622,129450
3623,130553
3624,110970
3625,336001
3626,201601
3627,192250
3628,141960
3629,118600
3630,164300
3631,214471
3632,510000
3633,269100
3634,218109
3635,157322
3636,132900
3637,168520
3638,150929
3639,250553
3640,141462
3641,113169
3642,204598
3643,102160
3644,213876
3645,292200
3646,208400
3647,154835
3648,51500
3649,102877
3650,124426
3651,181272
3652,190754
3653,150509
3654,109461
3655,109977
3656,89981
3657,302000
3658,196110
3659,202700
3660,210900
3661,219375
3662,62691
3663,44803
3664,119313
3665,92196
3666,221596
3667,71920
3668,243800
3669,78240
3670,134160
3671,335600
3672,195400
3673,175750
3674,194750
3675,358000
3676,221760
3677,118750
3678,176580
3679,117220
3680,222859
3681,178388
3682,222594
3683,216429
3684,172343
3685,176235
3686,141100
3687,155542
3688,57275
3689,185094
3690,132210
3691,113664
3692,75216
3693,98250
3694,46900
3695,242200
3696,250500
3697,221170
3698,163830
3699,231800
3700,185440
3701,59101
3702,187920
3703,174129
3704,177140
3705,241100
3706,154660
3707,139565
3708,93450
3709,80100
3710,92475
3711,44956
3712,125338
3713,91155
3714,145410
3715,111350
3716,124950
3717,83232
3718,60532
3719,167900
3720,270962
3721,187391
3722,89430
3723,73170
3724,66100
3725,83268
3726,65281
3727,56800
3728,139319
3729,92879
3730,230880
3731,235100
3732,149400
3733,235800
3734,190833
3735,174699
3736,267800
3737,188040
3738,125360
3739,155995
3740,103997
3741,142996
3742,77998
3743,130925
3744,87283
3745,305280
3746,203520
3747,120715
3748,80477
3749,133200
3750,165830
3751,147290
3752,314200
3753,303500
3754,93876
3755,183695
3756,94920
3757,72320
3758,320500
3759,296020
3760,242585
3761,294700
3762,285670
3763,207760
3764,227374
3765,168426
3766,234637
3767,199441
3768,152100
3769,321500
3770,348000
3771,283400
3772,206515
3773,206315
3774,275600
3775,296100
3776,400838
3777,229163
3778,139809
3779,67555
3780,82999
3781,55333
3782,46736
3783,177747
3784,408000
3785,89611
3786,67151
3787,179431
3788,107658
3789,108300
3790,297700
3791,186300
3792,155375
3793,93225
3794,179875
3795,85400
3796,56900
3797,208250
3798,51800
3799,139476
3800,145990
3801,176220
3802,129402
3803,92430
3804,112781
3805,83175
3806,135830
3807,84894
3808,251094
3809,108472
3810,43908
3811,162225
3812,64300
3813,176700
3814,168125
3815,128840
3816,65600
3817,301600
3818,122430
3819,81620
3820,98700
3821,59400
3822,73581
3823,111072
3824,88858
3825,85179
3826,140160
3827,93440
3828,58400
3829,139803
3830,103331
3831,96350
3832,69050
3833,177880
3834,201200
3835,96720
3836,83940
3837,129617
3838,90732
3839,292500
3840,227500
3841,185619
3842,108355
3843,175633
3844,101846
3845,112713
3846,91300
3847,61100
3848,179270
3849,96038
3850,138278
3851,86424
3852,209330
3853,161755
3854,225060
3855,173910
3856,86250
3857,69722
3858,38894
3859,59110
3860,47760
3861,79193
3862,225396
3863,107784
3864,60084
3865,187909
3866,68604
3867,56484
3868,239190
3869,142370
3870,74088
3871,61008
3872,166363
3873,103977
3874,42700
3875,112872
3876,60816
3877,79685
3878,182541
3879,292128
3880,141990
3881,179165
3882,193034
3883,188586
3884,260625
3885,108100
3886,69600
3887,75980
3888,179820
3889,181600
3890,79150
3891,171900
3892,79600
3893,187180
3894,111410
3895,184500
3896,281100
3897,146300
3898,243100
3899,237120
3900,222880
3901,237440
3902,182437
3903,216500
3904,267905
3905,223254
3906,233400
3907,163194
3908,176532
3909,331320
3910,240960
3911,215055
3912,138945
3913,122246
3914,88907
3915,175960
3916,94747
3917,90900
3918,143525
3919,170373
3920,102864
3921,67920
3922,85300
3923,154210
3924,96450
3925,173450
3926,52700
3927,207204
3928,199234
3929,106590
3930,332100
3931,155550
3932,150895
3933,183750
3934,249700
3935,156300
3936,134550
3937,99450
3938,91990
3939,61320
3940,252450
3941,251950
3942,125945
3943,100756
3944,467998
3945,227299
3946,179688
3947,132813
3948,172551
3949,305600
3950,229200
3951,149850
3952,210255
3953,139200
3954,252500
3955,182300
3956,79616
3957,91550
3958,65350
3959,391406
3960,169088
3961,327500
3962,195840
3963,85920
3964,117343
3965,78230
3966,231540
3967,171350
3968,126650
3969,109250
3970,123950
3971,53200
3972,311600
3973,182312
3974,128502
3975,194286
3976,378000
3977,383500
3978,152580
3979,101720
3980,93100
3981,200875
3982,120525
3983,120050
3984,76380
3985,194065
3986,346500
3987,74400
3988,251511
3989,143244
3990,227979
3991,136787
3992,90950
3993,150550
3994,129375
3995,308800
3996,192200
3997,220067
3998,135549
3999,60216
4000,90342
4001,130514
4002,252368
4003,160856
4004,181900
4005,124683
4006,99705
4007,208936
4008,77101
4009,202198
4010,102092
4011,75624
4012,227559
4013,233761
4014,180217
4015,85068
4016,168715
4017,99230
4018,229986
4019,370002
4020,196008
4021,155413
4022,193960
4023,156975
4024,137029
4025,135100
4026,236300
4027,185752
4028,88900
4029,241875
4030,161250
4031,148752
4032,162344
4033,294300
4034,128100
4035,186956
4036,107910
4037,187867
4038,138859
4039,101098
4040,59469
4041,54397
4042,83552
4043,49148
4044,215896
4045,117832
4046,224028
4047,217749
4048,76980
4049,185495
4050,119680
4051,255600
4052,106350
4053,169400
4054,146200
4055,226800
4056,227800
4057,140100
4058,398900
4059,176100
4060,105711
4061,104235
4062,63450
4063,313700
4064,196400
4065,85810
4066,70190
4067,168800
4068,88031
4069,60296
4070,190220
4071,155635
4072,256600
4073,148122
4074,167100
4075,316000
4076,173689
4077,105267
4078,171700
4079,212780
4080,178660
4081,107766
4082,129150
4083,108445
4084,211650
4085,273675
4086,165825
4087,142900
4088,312867
4089,183581
4090,227200
4091,146005
4092,93420
4093,101953
4094,86660
4095,192221
4096,128147
4097,176090
4098,117394
4099,201040
4100,134026
4101,208956
4102,151968
4103,214560
4104,168326
4105,100996
4106,261250
4107,91922
4108,151323
4109,89472
4110,66132
4111,130125
4112,288300
4113,144100
4114,208578
4115,111467
4116,253300
4117,259900
4118,198500
4119,311900
4120,209100
4121,156312
4122,67200
4123,328800
4124,146850
4125,88125
4126,135300
4127,152250
4128,217900
4129,173650
4130,87550
4131,141450
4132,253529
4133,108600
4134,113050
4135,63260
4136,42120
4137,256300
4138,163400
4139,136032
4140,156450
4141,113786
4142,312000
4143,219700
4144,164299
4145,71384
4146,64480
4147,87190
4148,67374
4149,106800
4150,361000
4151,187450
4152,118150
4153,135530
4154,100175
4155,218600
4156,133450
4157,99385
4158,72280
4159,212606
4160,127564
4161,221046
4162,132960
4163,97760
4164,66560
4165,68300
4166,134360
4167,97720
4168,111800
4169,67800
4170,232900
4171,198900
4172,110700
4173,88560
4174,241800
4175,169300
4176,254100
4177,123520
4178,180500
4179,165648
4180,115954
4181,86462
4182,140690
4183,486000
4184,140250
4185,333500
4186,221400
4187,143302
4188,180677
4189,135014
4190,71160
4191,102540
4192,92290
4193,149040
4194,264500
4195,133400
4196,98600
4197,215625
4198,242888
4199,83800
4200,139001
4201,102739
4202,65325
4203,54437
4204,179600
4205,104700
4206,73332
4207,88100
4208,162309
4209,115935
4210,104300
4211,121909
4212,151650
4213,196225
4214,108550
4215,78970
4216,93948
4217,47975
4218,219638
4219,172900
4220,116979
4221,206882
4222,111780
4223,184700
4224,163238
4225,147368
4226,307407
4227,181990
4228,223150
4229,148784
4230,261800
4231,83054
4232,52853
4233,92494
4234,47433
4235,325000
4236,177670
4237,380000
4238,209440
4239,152320
4240,277300
4241,213300
4242,170955
4243,130270
4244,57616
4245,181440
4246,139577
4247,215658
4248,197659
4249,170443
4250,257900
4251,155200
4252,281800
4253,233100
4254,123084
4255,72402
4256,274800
4257,153100
4258,86200
4259,125820
4260,284100
4261,329000
4262,124600
4263,218400
4264,81638
4265,58250
4266,152776
4267,177076
4268,84996
4269,124740
4270,120470
4271,86330
4272,132324
4273,75395
4274,289800
4275,162350
4276,204250
4277,215424
4278,137781
4279,105301
4280,297850
4281,207200
4282,239400
4283,180880
4284,258960
4285,116425
4286,240050
4287,558700
4288,349000
4289,59513
4290,49576
4291,441300
4292,169900
4293,609000
4294,67725
4295,392251
4296,217648
4297,258700
4298,215197
4299,274206
4300,276206
4301,160425
4302,112298
4303,135285
4304,74250
4305,58824
4306,129960
4307,92030
4308,157550
4309,70700
4310,334000
4311,199408
4312,189200
4313,106080
4314,102795
4315,112017
4316,84014
4317,132200
4318,187100
4319,202920
4320,182394
4321,173301
4322,149250
4323,170450
4324,123050
4325,58834
4326,177815
4327,113368
4328,198880
4329,144640
4330,223200
4331,178560
4332,124080
4333,99100
4334,114375
4335,157200
4336,259400
4337,163111
4338,108740
4339,81600
4340,300100
4341,187900
4342,58800
4343,84320
4344,141525
4345,119803
4346,22000
4347,98880
4348,65920
4349,80860
4350,195374
4351,148932
4352,87607
4353,87125
4354,48200
4355,233923
4356,167088
4357,227712
4358,240465
4359,177735
4360,395000
4361,213345
4362,70020
4363,135072
4364,88440
4365,153972
4366,109980
4367,176386
4368,279900
4369,101587
4370,71843
4371,196250
4372,157476
4373,104981
4374,257300
4375,171500
4376,240292
4377,177607
4378,229965
4379,147767
4380,74118
4381,140190
4382,259846
4383,132843
4384,58700
4385,388700
4386,395280
4387,237908
4388,175845
4389,164450
4390,121550
4391,135240
4392,73164
4393,138300
4394,175888
4395,125634
4396,193032
4397,120645
4398,101150
4399,149925
4400,91260
4401,141750
4402,79925
4403,66602
4404,134900
4405,187651
4406,135650
4407,78146
4408,69404
4409,103710
4410,116942
4411,182900
4412,49275
4413,66700
4414,179655
4415,483000
4416,290225
4417,170721
4418,128350
4419,143860
4420,89102
4421,62371
4422,151470
4423,54690
4424,73800
4425,158290
4426,112586
4427,98870
4428,90800
4429,240700
4430,222634
4431,254937
4432,294100
4433,171875
4434,104305
4435,136218
4436,52900
4437,153850
4438,23000
4439,282450
4440,125611
4441,88629
4442,188847
4443,86797
4444,138240
4445,237650
4446,160480
4447,109920
4448,162630
4449,130104
4450,93704
4451,115498
4452,80766
4453,256500
4454,332300
4455,178970
4456,127350
4457,188800
4458,167419
4459,100464
4460,113100
4461,92208
4462,82329
4463,114910
4464,71600
4465,53700
4466,167344
4467,100406
4468,125250
4469,170750
4470,155975
4471,124779
4472,160330
4473,160130
4474,199742
4475,121056
4476,157875
4477,75286
4478,63720
4479,191922
4480,218700
4481,526400
4482,351000
4483,168154
4484,291500
4485,117480
4486,78320
4487,57870
4488,108352
4489,78801
4490,234565
4491,91862
4492,73490
4493,142897
4494,119674
4495,162450
4496,106965
4497,85572
4498,85100
4499,172057
4500,126345
4501,107395
4502,177147
4503,128833
4504,174117
4505,329334
4506,176356
4507,197800
4508,280400
4509,224300
4510,277600
4511,146960
4512,122450
4513,138750
4514,233200
4515,186448
4516,137810
4517,220348
4518,162866
4519,229091
4520,183273
4521,64700
4522,105975
4523,341250
4524,161863
4525,118514
4526,91163
4527,101109
4528,155625
4529,161616
4530,184208
4531,133969
4532,210300
4533,151736
4534,136856
4535,108098
4536,103050
4537,625000
4538,186688
4539,145745
4540,161202
4541,194100
4542,127905
4543,169680
4544,113120
4545,309400
4546,197438
4547,218300
4548,201097
4549,216315
4550,113850
4551,99473
4552,129148
4553,95665
4554,145430
4555,85547
4556,253198
4557,135799
4558,198853
4559,107799
4560,235008
4561,156672
4562,163825
4563,96367
4564,118020
4565,84580
4566,198200
4567,212510
4568,114428
4569,316300
4570,178900
4571,204800
4572,336500
4573,269833
4574,62148
4575,201825
4576,191300
4577,149656
4578,94702
4579,84448
4580,139260
4581,198650
4582,241200
4583,173279
4584,123771
4585,72900
4586,171102
4587,282200
4588,104936
4589,69957
4590,212124
4591,127274
4592,105420
4593,88340
4594,177800
4595,71864
4596,142563
4597,213880
4598,135283
4599,114285
4600,73730
4601,283300
4602,298000
4603,187110
4604,142560
4605,258800
4606,199200
4607,92950
4608,70824
4609,145307
4610,97204
4611,146700
4612,283750
4613,136125
4614,77159
4615,187400
4616,155520
4617,147472
4618,160524
4619,75650
4620,298800
4621,325600
4622,240900
4623,186150
4624,186360
4625,124240
4626,153175
4627,83550
4628,191500
4629,184808
4630,100450
4631,133744
4632,83595
4633,221625
4634,132975
4635,145530
4636,131651
4637,359720
4638,532000
4639,185834
4640,132800
4641,159668
4642,111900
4643,116690
4644,96880
4645,106331
4646,174158
4647,161612
4648,132604
4649,207575
4650,138225
4651,173430
4652,244950
4653,274400
4654,265324
4655,188427
4656,224500
4657,109350
4658,243922
4659,146058
4660,192986
4661,416100
4662,164160
4663,129950
4664,96050
4665,368400
4666,245600
4667,224034
4668,183301
4669,275652
4670,141360
4671,384000
4672,302800
4673,286600
4674,223644
4675,73080
4676,95333
4677,227423
4678,166698
4679,175644
4680,179708
4681,159850
4682,181700
4683,131061
4684,167538
4685,312444
4686,167111
4687,164050
4688,102858
4689,68552
4690,147645
4691,242250
4692,167300
4693,151034
4694,91536
4695,154440
4696,265500
4697,315100
4698,246552
4699,210960
4700,304200
4701,295194
4702,168889
4703,133896
4704,210672
4705,242650
4706,164509
4707,209169
4708,204644
4709,90880
4710,323900
4711,241500
4712,276073
4713,192780
4714,151463
4715,87780
4716,158080
4717,337280
4718,399600
4719,82643
4720,56854
4721,170023
4722,128356
4723,120037
4724,126350
4725,79509
4726,162884
4727,144560
4728,283850
4729,144650
4730,238400
4731,83375
4732,206600
4733,91665
4734,61110
4735,107712
4736,141588
4737,379620
4738,204360
4739,97375
4740,61250
4741,58660
4742,61550
4743,235310
4744,206645
4745,152737
4746,104261
4747,76857
4748,185849
4749,158755
4750,459000
4751,85850
4752,183621
4753,153018
4754,101100
4755,195714
4756,178310
4757,92250
4758,144198
4759,120165
4760,102350
4761,235495
4762,314100
4763,272290
4764,169374
4765,167047
4766,253692
4767,122887
4768,293250
4769,201960
4770,235680
4771,153040
4772,125100
4773,180360
4774,274600
4775,402500
4776,206400
4777,394000
4778,229461
4779,166881
4780,238448
4781,259440
4782,260586
4783,177672
4784,176239
4785,120016
4786,150250
4787,113734
4788,234062
4789,141949
4790,113559
4791,76218
4792,50812
4793,130200
4794,106600
4795,100200
4796,247610
4797,191335
4798,184379
4799,97335
4800,156510
4801,246640
4802,330764
4803,133843
4804,148658
4805,529200
4806,245520
4807,141107
4808,255800
4809,186915
4810,205364
4811,180835
4812,239662
4813,143858
4814,197412
4815,127950
4816,137611
4817,268484
4818,359000
4819,690000
4820,290700
4821,154280
4822,529000
4823,355752
4824,370500
4825,205168
4826,111466
4827,210662
4828,322200
4829,168336
4830,183400
4831,110864
4832,177778
4833,107682
4834,123627
4835,197829
4836,116150
4837,70550
4838,135782
4839,321632
4840,289469
4841,304704
4842,132889
4843,179075
4844,338560
4845,112065
4846,504000
4847,93060
4848,199870
4849,81650
4850,98975
4851,80109
4852,164839
4853,202950
4854,200214
4855,133476
4856,174700
4857,66990
4858,248094
4859,100192
4860,169229
4861,90654
4862,79280
4863,75705
4864,187770
4865,89550
4866,236160
4867,159408
4868,233582
4869,140713
4870,135127
4871,119250
4872,151725
4873,133300
4874,93312
4875,191180
4876,157605
4877,107690
4878,111829
4879,229500
4880,207500
4881,121793
4882,57520
4883,157043
4884,113071
4885,260150
4886,314300
4887,72176
4888,212196
4889,209296
4890,119273
4891,101382
4892,358072
4893,174071
4894,145258
4895,327000
4896,360985
4897,206456
4898,258470
4899,219063
4900,124839
4901,279427
4902,135816
4903,159066
4904,130145
4905,110487
4906,95071
4907,237188
4908,194063
4909,239748
4910,233856
4911,318800
4912,120890
4913,196700
4914,300200
4915,238050
4916,208672
4917,123573
4918,168400
4919,185100
4920,198300
4921,267900
4922,68500
4923,55500
4924,140012
4925,121750
4926,140280
4927,114888
4928,91112
4929,189800
4930,110250
4931,191062
4932,139500
4933,127188
4934,119207
4935,50541
4936,89315
4937,62521
4938,488000
4939,117887
4940,73674
4941,385200
4942,93522
4943,65465
4944,53248
4945,252174
4946,167826
4947,302470
4948,183330
4949,39300
4950,216150
4951,243300
4952,142050
4953,217106
4954,199068
4955,116645
4956,219320
4957,219120
4958,68200
4959,297100
4960,98949
4961,56392
4962,120842
4963,280500
4964,179800
4965,142381
4966,85428
4967,380300
4968,253500
4969,248920
4970,230800
4971,121737
4972,86955
4973,750000
4974,153340
4975,102193
4976,177372
4977,118248
4978,221814
4979,152950
4980,131800
4981,212810
4982,114590
4983,227740
4984,81640
4985,130365
4986,79350
4987,124331
4988,82887
4989,150875
4990,119625
4991,140500
4992,224700
4993,162819
4994,95776
4995,179101
4996,105353
4997,277900
4998,362200
4999,92186
5000,301126
5001,210788
5002,239100
5003,215300
5004,228267
5005,155636
5006,189245
5007,177632
5008,154273
5009,114028
5010,212109
5011,230608
5012,184486
5013,229800
5014,172830
5015,87978
5016,219221
5017,195474
5018,237900
5019,364100
5020,192871
5021,178315
5022,123830
5023,194400
5024,54400
5025,139630
5026,93101
5027,149165
5028,217558
5029,76100
5030,181479
5031,214127
5032,175457
5033,183503
5034,180393
5035,225624
5036,178418
5037,206591
5038,232700
5039,57900
5040,91728
5041,240600
5042,200618
5043,148282
5044,90634
5045,60423
5046,150762
5047,249937
5048,176849
5049,140800
5050,100401
5051,103900
5052,177428
5053,175654
5054,185329
5055,163696
5056,171455
5057,87509
5058,177320
5059,223990
5060,120610
5061,160680
5062,128377
5063,77026
5064,238560
5065,255360
5066,49100
5067,82915
5068,236900
5069,211364
5070,156499
5071,60200
5072,187038
5073,206258
5074,250944
5075,178538
5076,167642
5077,122219
5078,239880
5079,146010
5080,260600
5081,249300
5082,58531
5083,43493
5084,133861
5085,80317
5086,336900
5087,194200
5088,87447
5089,73819
5090,235745
5091,248500
5092,207810
5093,153598
5094,179562
5095,115293
5096,311525
5097,189620
5098,156650
5099,234850
5100,34173
5101,29977
5102,177008
5103,235500
5104,219696
5105,83960
5106,67170
5107,223285
5108,135910
5109,267444
5110,178296
5111,222007
5112,187433
5113,233471
5114,222742
5115,212248
5116,183200
5117,282500
5118,231566
5119,246536
5120,262791
5121,207815
5122,147660
5123,96100
5124,208208
5125,236802
5126,98717
5127,171303
5128,227654
5129,194580
5130,123365
5131,95285
5132,95576
5133,96242
5134,109283
5135,235900
5136,157643
5137,92200
5138,101722
5139,59837
5140,67100
5141,123046
5142,304800
5143,119473
5144,68093
5145,120633
5146,124750
5147,110004
5148,190237
5149,219539
5150,61650
5151,211980
5152,177492
5153,111700
5154,254245
5155,217476
5156,199369
5157,212383
5158,134991
5159,192386
5160,205380
5161,97575
5162,312600
5163,128535
5164,191253
5165,210200
5166,182395
5167,224250
5168,165750
5169,163654
5170,184309
5171,125029
5172,112986
5173,102568
5174,154360
5175,192668
5176,227280
5177,225400
5178,149594
5179,126847
5180,93757
5181,259217
5182,104400
5183,186114
5184,250777
5185,150466
5186,141840
5187,85104
5188,53300
5189,185346
5190,80900
5191,218701
5192,239040
5193,247008
5194,209797
5195,188748
5196,146994
5197,256150
5198,182850
5199,74263
5200,109230
5201,84405
5202,126342
5203,101073
5204,199001
5205,119401
5206,197866
5207,91920
5208,235950
5209,126277
5210,470000
5211,215024
5212,133473
5213,112850
5214,90280
5215,215846
5216,191061
5217,213770
5218,155640
5219,98572
5220,69960
5221,106601
5222,259912
5223,193546
5224,325270
5225,304043
5226,186642
5227,152880
5228,189897
5229,245588
5230,134869
5231,202588
5232,215136
5233,143424
5234,105300
5235,164169
5236,95414
5237,169223
5238,175275
5239,93374
5240,171200
5241,208350
5242,98168
5243,160650
5244,166071
5245,61560
5246,269750
5247,145250
5248,145793
5249,126776
5250,28800
5251,21600
5252,178262
5253,236474
5254,235724
5255,119969
5256,73029
5257,60341
5258,225859
5259,143616
5260,231643
5261,218572
5262,235410
5263,120012
5264,77376
5265,186100
5266,95450
5267,80080
5268,125270
5269,31000
5270,89341
5271,72813
5272,96938
5273,233700
5274,331066
5275,49300
5276,66503
5277,55620
5278,194098
5279,94350
5280,147066
5281,133697
5282,39200
5283,149414
5284,93384
5285,39000
5286,59700
5287,156476
5288,184216
5289,185586
5290,174400
5291,186248
5292,183523
5293,31900
5294,110679
5295,73786
5296,223043
5297,214464
5298,82898
5299,73424
5300,149469
5301,149750
5302,201681
5303,93918
5304,51962
5305,103440
5306,207578
5307,190180
5308,223350
5309,260500
5310,82365
5311,186526
5312,224241
5313,142516
5314,189745
5315,128050
5316,108334
5317,59923
5318,69230
5319,91984
5320,157679
5321,91431
5322,165025
5323,147896
5324,128606
5325,85420
5326,284360
5327,94763
5328,67750
5329,168854
5330,127075
5331,164250
5332,306705
5333,140890
5334,152894
5335,138995
5336,76915
5337,166549
5338,175059
5339,216466
5340,211164
5341,299003
5342,73500
5343,352000
5344,236078
5345,204334
5346,104280
5347,186949
5348,162706
5349,225197
5350,156145
5351,113560
5352,56280
5353,41820
5354,174271
5355,341000
5356,216705
5357,219650
5358,160455
5359,91318
5360,198400
5361,123844
5362,196052
5363,187178
5364,117728
5365,73632
5366,128656
5367,103330
5368,232587
5369,157750
5370,123525
5371,107400
5372,320850
5373,222700
5374,538400
5375,254600
5376,167898
5377,189975
5378,59300
5379,132678
5380,88452
5381,357100
5382,167481
5383,57920
5384,122283
5385,254524
5386,188126
5387,185900
5388,181610
5389,101681
5390,226465
5391,230600
5392,171116
5393,170185
5394,234770
5395,176865
5396,159675
5397,120157
5398,116106
5399,168890
5400,75423
5401,45790
5402,250104
5403,179938
5404,223202
5405,143400
5406,189473
5407,179551
5408,257984
5409,234130
5410,191373
5411,182781
5412,60500
5413,57600
5414,89040
5415,233850
5416,192170
5417,92222
5418,62395
5419,110219
5420,95413
5421,70692
5422,346300
5423,54200
5424,96978
5425,74598
5426,140900
5427,104100
5428,64500
5429,166210
5430,93724
5431,172469
5432,114945
5433,93838
5434,69535
5435,150650
5436,210850
5437,169847
5438,131631
5439,197689
5440,152311
5441,159550
5442,157144
5443,142136
5444,123596
5445,168600
5446,86220
5447,110781
5448,63162
5449,37154
5450,255475
5451,157400
5452,214872
5453,145360
5454,107440
5455,287800
5456,291340
5457,194240
5458,191070
5459,135900
5460,208500
5461,128750
5462,61875
5463,58200
5464,245900
5465,176627
5466,106029
5467,94250
5468,43500
5469,41000
5470,211888
5471,322100
5472,240901
5473,168630
5474,312300
5475,273600
5476,144606
5477,128539
5478,126225
5479,61846
5480,485000
5481,84105
5482,76095
5483,120529
5484,96428
5485,265400
5486,127400
5487,363000
5488,43400
5489,101081
5490,78108
5491,285500
5492,92240
5493,230300
5494,242100
5495,172750
5496,175762
5497,97254
5498,209362
5499,182054
5500,82402
5501,48508
5502,144538
5503,96358
5504,264846
5505,143060
5506,177250
5507,67095
5508,51120
5509,124650
5510,204650
5511,123990
5512,161201
5513,182800
5514,260940
5515,158130
5516,122328
5517,71958
5518,151250
5519,135193
5520,90129
5521,271500
5522,154560
5523,277200
5524,108806
5525,82909
5526,71250
5527,115254
5528,85393
5529,95166
5530,63444
5531,217508
5532,177961
5533,321830
5534,124690
5535,224800
5536,81800
5537,132974
5538,88670
5539,312287
5540,208122
5541,46080
5542,37120
5543,198433
5544,119060
5545,113210
5546,131414
5547,259850
5548,139600
5549,200300
5550,221630
5551,199467
5552,135097
5553,93150
5554,73100
5555,160100
5556,258500
5557,191857
5558,146266
5559,65400
5560,60080
5561,449000
5562,268700
5563,130300
5564,146125
5565,331292
5566,244868
5567,278700
5568,115765
5569,123765
5570,85469
5571,218213
5572,101200
5573,181280
5574,135920
5575,170375
5576,209943
5577,155175
5578,244800
5579,184180
5580,209309
5581,345400
5582,104603
5583,73756
5584,61463
5585,127660
5586,68740
5587,185490
5588,134530
5589,55720
5590,52100
5591,324100
5592,166700
5593,77826
5594,112715
5595,164845
5596,119887
5597,132567
5598,96412
5599,191311
5600,166358
5601,142352
5602,95325
5603,40300
5604,136675
5605,111648
5606,49900
5607,147670
5608,118136
5609,81536
5610,55751
5611,257250
5612,236400
5613,141800
5614,99445
5615,176875
5616,84750
5617,258600
5618,215500
5619,130916
5620,106050
5621,80420
5622,124875
5623,150800
5624,87999
5625,229369
5626,111510
5627,141375
5628,286500
5629,41419
5630,51375
5631,270250
5632,133903
5633,96411
5634,84068
5635,49452
5636,179900
5637,142002
5638,145580
5639,90279
5640,190100
5641,164850
5642,448000
5643,373000
5644,191027
5645,438000
5646,104922
5647,72360
5648,484000
5649,146851
5650,342400
5651,218750
5652,171816
5653,97935
5654,128945
5655,120869
5656,382320
5657,302840
5658,96500
5659,254270
5660,124230
5661,68637
5662,45400
5663,262269
5664,230797
5665,126667
5666,78575
5667,106875
5668,307100
5669,216800
5670,194992
5671,66820
5672,258450
5673,124935
5674,76050
5675,51175
5676,94415
5677,69785
5678,171240
5679,81960
5680,65750
5681,133650
5682,68150
5683,94625
5684,107755
5685,79645
5686,190196
5687,155615
5688,418000
5689,105646
5690,94800
5691,148594
5692,140726
5693,107197
5694,226844
5695,120672
5696,296980
5697,123740
5698,133504
5699,83576
5700,326000
5701,96475
5702,164640
5703,131712
5704,381500
5705,140032
5706,100022
5707,204662
5708,175520
5709,103786
5710,323700
5711,246100
5712,258720
5713,189360
5714,261050
5715,72240
5716,42400
5717,94100
5718,136197
5719,140130
5720,84870
5721,117750
5722,70650
5723,81713
5724,48067
5725,68195
5726,129118
5727,86078
5728,68088
5729,54552
5730,116013
5731,92810
5732,118300
5733,126480
5734,82620
5735,140025
5736,161875
5737,97125
5738,72870
5739,237200
5740,158494
5741,88052
5742,139810
5743,203649
5744,183284
5745,80850
5746,108560
5747,115950
5748,69570
5749,71200
5750,140544
5751,82673
5752,108350
5753,87570
5754,221300
5755,130410
5756,178492
5757,89246
5758,280889
5759,187259
5760,153800
5761,188200
5762,156150
5763,263100
5764,135842
5765,98794
5766,174990
5767,132624
5768,128167
5769,85445
5770,122445
5771,240810
5772,166375
5773,110841
5774,91460
5775,75753
5776,47423
5777,203920
5778,183540
5779,234485
5780,266500
5781,89030
5782,248100
5783,273400
5784,182200
5785,283050
5786,141298
5787,115607
5788,170884
5789,113923
5790,180514
5791,108308
5792,290300
5793,196685
5794,125009
5795,83339
5796,186030
5797,210400
5798,336300
5799,170625
5800,85256
5801,71615
5802,297300
5803,145640
5804,120350
5805,183900
5806,95400
5807,216450
5808,231650
5809,138510
5810,95490
5811,226600
5812,180250
5813,354200
5814,221800
5815,137200
5816,119636
5817,70374
5818,94770
5819,164100
5820,120160
5821,71400
5822,225100
5823,328400
5824,169850
5825,40400
5826,329700
5827,192351
5828,93593
5829,222405
5830,372000
5831,305100
5832,44100
5833,98873
5834,58161
5835,253792
5836,183414
5837,101570
5838,172040
5839,109238
5840,68274
5841,258900
5842,176080
5843,196760
5844,56500
5845,212175
5846,111151
5847,66691
5848,95040
5849,197802
5850,156453
5851,190027
5852,152022
5853,205318
5854,159375
5855,159350
5856,205218
5857,136743
5858,264400
5859,154836
5860,353200
5861,175564
5862,144854
5863,111550
5864,242921
5865,170045
5866,207345
5867,228045
5868,132320
5869,223602
5870,143520
5871,252990
5872,162170
5873,194521
5874,176838
5875,191765
5876,134236
5877,233300
5878,86720
5879,208450
5880,223250
5881,156275
5882,120681
5883,72409
5884,139750
5885,223290
5886,131310
5887,135960
5888,70960
5889,204750
5890,153550
5891,207611
5892,127876
5893,300105
5894,151090
5895,329500
5896,269600
5897,241300
5898,211949
5899,130838
5900,328133
5901,218755
5902,250830
5903,143370
5904,148350
5905,98010
5906,66825
5907,136742
5908,228856
5909,144540
5910,172758
5911,375500
5912,250300
5913,111967
5914,216027
5915,101028
5916,174350
5917,104244
5918,131650
5919,105320
5920,113750
5921,132192
5922,284310
5923,153090
5924,102434
5925,120250
5926,152700
5927,139152
5928,82452
5929,269500
5930,295500
5931,160667
5932,134326
5933,258384
5934,116960
5935,167310
5936,155810
5937,106720
5938,48915
5939,275500
5940,118720
5941,272300
5942,280600
5943,137700
5944,44640
5945,227850
5946,284050
5947,232989
5948,116710
5949,91270
5950,118440
5951,315300
5952,171050
5953,228830
5954,148590
5955,238530
5956,232960
5957,138860
5958,119610
5959,205485
5960,156560
5961,299500
5962,136994
5963,184950
5964,159090
5965,194595
5966,130002
5967,71908
5968,108320
5969,115934
5970,81666
5971,122720
5972,150931
5973,143250
5974,68550
5975,109528
5976,186600
5977,209450
5978,167560
5979,166364
5980,116455
5981,149094
5982,72250
5983,63967
5984,183310
5985,392000
5986,199098
5987,167954
5988,115830
5989,113220
5990,365630
5991,160080
5992,146190
5993,205150
5994,167850
5995,222750
5996,182250
5997,254500
5998,184184
5999,167441
6000,83700
6001,151840
6002,163152
6003,108768
6004,193900
6005,116990
6006,82920
6007,287700
6008,227240
6009,197600
6010,144628
6011,115702
6012,280100
6013,274450
6014,136505
6015,100895
6016,317070
6017,170730
6018,158700
6019,123906
6020,232760
6021,169280
6022,240350
6023,150120
6024,120096
6025,142880
6026,151410
6027,115360
6028,193170
6029,116480
6030,94035
6031,283200
6032,205640
6033,285800
6034,289120
6035,109280
6036,69525
6037,71907
6038,170550
6039,336400
6040,183924
6041,25500
6042,213660
6043,130760
6044,253200
6045,342810
6046,184590
6047,105380
6048,204620
6049,110680
6050,270703
6051,221484
6052,203300
6053,163196
6054,145885
6055,179170
6056,116450
6057,342300
6058,138784
6059,83270
6060,318300
6061,152900
6062,117100
6063,219535
6064,146115
6065,280700
6066,289076
6067,202353
6068,56100
6069,148700
6070,143865
6071,115092
6072,208049
6073,201036
6074,134024
6075,180180
6076,106020
6077,376080
6078,213120
6079,141288
6080,94192
6081,210914
6082,116704
6083,210550
6084,205920
6085,34320
6086,152380
6087,121904
6088,128280
6089,106900
6090,65488
6091,64980
6092,179975
6093,86466
6094,167580
6095,87980
6096,300240
6097,200160
6098,153088
6099,163625
6100,225900
6101,241871
6102,133832
6103,216100
6104,155850
6105,102544
6106,262500
6107,158677
6108,124234
6109,74540
6110,141290
6111,74178
6112,234100
6113,100706
6114,272550
6115,180560
6116,249500
6117,102640
6118,197430
6119,134760
6120,193750
6121,123648
6122,192564
6123,179305
6124,142127
6125,77300
6126,159699
6127,138938
6128,345600
6129,130050
6130,236600
6131,160395
6132,191475
6133,156868
6134,178800
6135,229998
6136,154545
6137,159200
6138,243225
6139,179775
6140,102100
6141,222640
6142,182160
6143,130240
6144,124270
6145,189650
6146,164996
6147,139860
6148,189500
6149,206699
6150,249260
6151,128875
6152,136260
6153,150075
6154,110925
6155,90320
6156,208775
6157,165220
6158,124190
6159,181940
6160,220110
6161,99360
6162,161342
6163,137141
6164,95550
6165,167875
6166,205300
6167,200100
6168,99050
6169,104890
6170,111775
6171,138350
6172,423000
6173,412000
